AO,,AQ,,CM,,CN,,CV,,DA,,DE,,DL,,DR,,EF,,EI,,GL,,GN,,GO,,GQ,,GR,,GV,,GX,,HJ,,HK,,HL,,IE,,IF,,IJ,,IS,,JH,,JI,,JK,,JL,,KH,,KJ,,KL,,LD,,LG,,LH,,LJ,,LK,,LO,,LP,,LR,,LW,,LX,,MC,,MG,,MN,,MV,,NG,,NM,,NV,,OG,,OQ,,OR,,PD,,QA,,QM,,QN,,QO,,QV,,RD,,RG,,RL,,RO,,RS,,SD,,SI,,SL,,SQ,,SR,,VA,,VC,,VG,,VM,,VN,,VQ,,WL,,WX,,WY,,XG,,XL,,XW,,XY,,YL,,YW,,YX
119,,252,,106,,48,,52,,70,,58,,66,,74,,125,,44,,191,,62,,332,,72,,43,,769,,55,,417,,80,,52,,136,,99,,299,,83,,48,,407,,313,,98,,349,,92,,287,,42,,81,,110,,50,,364,,67,,103,,311,,586,,57,,46,,52,,57,,133,,57,,170,,228,,278,,289,,260,,163,,176,,61,,137,,95,,48,,112,,106,,384,,255,,48,,42,,44,,83,,101,,249,,55,,74,,670,,83,,159,,181,,509,,494,,43,,72,,49,,449,,383,,42,,42,,444
68,,170,,118,,48,,48,,61,,57,,63,,70,,107,,46,,138,,52,,285,,57,,42,,600,,53,,282,,77,,52,,92,,88,,247,,66,,51,,278,,258,,84,,263,,71,,246,,42,,65,,84,,42,,235,,63,,85,,216,,390,,60,,48,,52,,63,,112,,58,,134,,154,,190,,206,,174,,128,,127,,59,,77,,66,,48,,86,,74,,232,,192,,48,,42,,42,,70,,84,,185,,45,,66,,417,,70,,115,,119,,358,,327,,43,,67,,58,,349,,286,,44,,42,,381
74,,229,,128,,48,,48,,66,,51,,70,,80,,120,,43,,134,,54,,335,,59,,42,,792,,60,,358,,84,,55,,107,,86,,280,,68,,48,,311,,287,,104,,298,,46,,293,,43,,74,,92,,44,,268,,70,,92,,254,,499,,73,,46,,53,,77,,133,,55,,170,,209,,261,,252,,191,,133,,148,,64,,101,,69,,48,,72,,101,,263,,249,,48,,42,,43,,69,,42,,240,,48,,75,,523,,86,,148,,153,,467,,413,,43,,70,,57,,442,,287,,42,,42,,446
77,,184,,113,,48,,49,,70,,51,,66,,74,,101,,88,,147,,57,,338,,63,,70,,700,,62,,278,,83,,51,,106,,74,,242,,63,,48,,274,,250,,92,,236,,81,,256,,57,,75,,88,,45,,248,,66,,92,,241,,439,,81,,49,,48,,70,,145,,54,,171,,194,,270,,206,,183,,125,,148,,58,,96,,69,,49,,80,,84,,277,,205,,44,,42,,42,,70,,42,,191,,51,,80,,511,,77,,139,,145,,422,,387,,42,,81,,72,,413,,319,,42,,42,,428
44,,51,,48,,48,,47,,68,,51,,48,,44,,48,,48,,125,,42,,67,,62,,43,,640,,57,,83,,57,,48,,44,,46,,65,,43,,48,,61,,225,,74,,70,,48,,207,,45,,72,,63,,199,,62,,43,,48,,70,,84,,299,,42,,42,,43,,55,,50,,54,,124,,63,,58,,62,,50,,57,,42,,42,,42,,45,,57,,48,,106,,57,,46,,43,,43,,66,,42,,57,,104,,74,,442,,42,,52,,57,,74,,75,,43,,107,,338,,72,,278,,42,,43,,388
72,,159,,122,,48,,48,,57,,57,,58,,62,,94,,135,,150,,52,,301,,62,,61,,585,,64,,273,,75,,48,,102,,75,,216,,63,,48,,260,,206,,75,,255,,69,,196,,80,,79,,80,,47,,249,,60,,92,,235,,367,,57,,48,,57,,65,,122,,59,,128,,154,,229,,166,,201,,130,,151,,48,,88,,74,,48,,86,,83,,216,,169,,49,,42,,43,,72,,42,,156,,48,,72,,457,,73,,120,,147,,414,,326,,42,,65,,48,,392,,303,,43,,43,,398
72,,182,,131,,51,,50,,49,,48,,60,,75,,101,,158,,154,,55,,325,,68,,42,,539,,58,,348,,84,,57,,103,,83,,246,,63,,57,,313,,225,,83,,313,,57,,216,,48,,73,,94,,48,,292,,57,,101,,242,,415,,53,,51,,57,,54,,130,,61,,152,,178,,221,,193,,216,,132,,143,,57,,104,,70,,48,,92,,87,,227,,189,,44,,42,,44,,71,,42,,174,,43,,64,,502,,72,,114,,145,,422,,340,,42,,76,,55,,402,,306,,44,,42,,389
74,,168,,167,,43,,48,,42,,43,,48,,50,,81,,176,,148,,57,,287,,65,,42,,622,,57,,268,,57,,66,,81,,74,,310,,66,,63,,308,,128,,195,,235,,96,,133,,48,,101,,75,,48,,259,,64,,88,,261,,421,,70,,51,,58,,46,,128,,51,,137,,163,,234,,194,,172,,125,,144,,48,,85,,64,,46,,92,,84,,261,,174,,48,,43,,44,,70,,44,,159,,48,,94,,481,,63,,120,,129,,336,,348,,57,,65,,136,,321,,188,,43,,43,,298
48,,71,,67,,44,,53,,44,,45,,44,,42,,42,,65,,160,,43,,99,,62,,43,,709,,60,,118,,42,,67,,48,,48,,99,,44,,52,,112,,92,,242,,102,,47,,90,,48,,86,,74,,224,,98,,47,,57,,95,,136,,326,,46,,43,,48,,57,,53,,63,,161,,92,,70,,68,,62,,66,,43,,44,,44,,42,,58,,48,,120,,64,,48,,43,,42,,75,,48,,68,,113,,96,,542,,47,,61,,66,,136,,128,,61,,83,,347,,119,,216,,42,,42,,278
65,,135,,193,,43,,51,,42,,44,,48,,45,,57,,119,,150,,56,,293,,57,,43,,470,,53,,306,,43,,75,,63,,57,,227,,63,,57,,293,,64,,181,,287,,80,,70,,48,,78,,96,,49,,293,,57,,88,,255,,412,,62,,57,,54,,44,,118,,57,,132,,163,,193,,155,,142,,107,,142,,55,,69,,51,,45,,89,,73,,222,,137,,48,,42,,42,,66,,47,,104,,43,,92,,499,,56,,112,,116,,346,,339,,57,,66,,149,,317,,200,,42,,42,,248
60,,85,,152,,43,,46,,42,,44,,48,,44,,48,,88,,120,,57,,206,,54,,42,,379,,55,,252,,43,,70,,56,,52,,163,,51,,62,,223,,48,,145,,242,,57,,57,,46,,74,,78,,44,,233,,55,,78,,214,,299,,55,,51,,57,,43,,106,,49,,113,,125,,128,,108,,96,,101,,114,,43,,57,,48,,46,,70,,63,,153,,92,,48,,43,,,,59,,44,,81,,42,,84,,358,,48,,100,,101,,211,,247,,54,,64,,154,,184,,119,,43,,42,,132
48,,60,,136,,42,,63,,43,,43,,43,,42,,44,,66,,96,,57,,148,,48,,44,,285,,48,,184,,43,,75,,53,,48,,121,,48,,60,,177,,48,,110,,183,,63,,53,,44,,69,,68,,42,,191,,48,,63,,164,,223,,57,,130,,57,,45,,61,,49,,84,,87,,92,,88,,70,,70,,75,,42,,43,,43,,42,,57,,61,,125,,73,,48,,42,,,,59,,54,,72,,42,,81,,230,,44,,70,,68,,152,,191,,48,,48,,136,,142,,107,,42,,42,,120
48,,53,,112,,42,,61,,42,,42,,42,,44,,43,,42,,77,,48,,137,,44,,48,,232,,48,,160,,43,,62,,42,,46,,92,,47,,57,,152,,42,,90,,152,,57,,51,,46,,71,,57,,42,,141,,48,,60,,142,,185,,56,,131,,47,,43,,48,,45,,76,,77,,74,,68,,51,,65,,70,,45,,42,,42,,43,,50,,48,,102,,57,,44,,42,,,,61,,73,,57,,43,,70,,195,,42,,60,,65,,164,,163,,43,,48,,124,,138,,57,,42,,42,,98
48,,43,,99,,42,,63,,45,,48,,43,,42,,42,,42,,81,,48,,119,,46,,57,,191,,44,,151,,43,,63,,43,,45,,96,,43,,50,,143,,43,,81,,135,,49,,45,,43,,65,,48,,48,,123,,48,,60,,147,,180,,48,,127,,45,,44,,48,,46,,72,,68,,70,,65,,55,,58,,63,,57,,43,,48,,42,,49,,42,,92,,47,,43,,43,,,,57,,113,,48,,42,,70,,164,,43,,60,,57,,133,,149,,48,,48,,107,,115,,54,,42,,48,,71
45,,43,,70,,42,,52,,70,,66,,42,,48,,43,,42,,70,,45,,96,,43,,66,,125,,47,,112,,42,,57,,42,,45,,69,,44,,48,,105,,42,,67,,101,,44,,44,,44,,57,,50,,48,,96,,42,,48,,96,,125,,49,,92,,42,,68,,42,,44,,54,,57,,59,,57,,50,,48,,48,,57,,42,,75,,42,,45,,44,,74,,45,,43,,43,,,,48,,132,,48,,42,,54,,102,,48,,44,,47,,88,,106,,151,,48,,83,,80,,48,,42,,57,,57
42,,42,,48,,42,,48,,64,,57,,42,,72,,61,,75,,57,,43,,58,,42,,72,,96,,43,,63,,42,,47,,48,,42,,51,,42,,43,,57,,42,,61,,61,,42,,42,,42,,56,,42,,44,,57,,42,,45,,62,,70,,72,,62,,44,,69,,58,,42,,47,,45,,44,,45,,72,,44,,48,,55,,42,,72,,42,,43,,43,,51,,43,,44,,42,,,,48,,159,,42,,43,,50,,81,,81,,44,,43,,60,,66,,122,,48,,81,,53,,44,,42,,57,,50
56,,44,,63,,42,,46,,63,,51,,42,,68,,112,,228,,52,,42,,133,,43,,69,,78,,43,,42,,51,,42,,81,,43,,88,,53,,46,,125,,121,,50,,44,,43,,42,,47,,57,,43,,48,,42,,51,,59,,43,,160,,77,,43,,50,,72,,140,,42,,60,,43,,98,,76,,243,,70,,42,,57,,43,,79,,46,,42,,42,,42,,79,,42,,44,,,,44,,119,,42,,44,,48,,66,,70,,42,,42,,154,,119,,42,,42,,67,,153,,42,,43,,48,,42
112,,42,,107,,43,,43,,66,,53,,42,,71,,107,,217,,50,,42,,368,,44,,63,,73,,42,,42,,48,,43,,105,,57,,193,,74,,43,,360,,128,,48,,42,,42,,125,,50,,48,,48,,65,,45,,69,,97,,43,,523,,61,,48,,57,,71,,120,,42,,132,,42,,299,,243,,257,,154,,42,,57,,63,,77,,42,,42,,42,,42,,243,,42,,42,,,,47,,109,,43,,48,,46,,59,,72,,42,,42,,526,,442,,57,,42,,62,,475,,57,,48,,44,,43
133,,43,,101,,57,,42,,62,,49,,42,,65,,110,,171,,47,,42,,332,,54,,66,,96,,44,,44,,66,,43,,106,,76,,256,,76,,43,,349,,275,,57,,42,,48,,131,,62,,48,,47,,101,,43,,72,,113,,42,,569,,65,,48,,59,,50,,111,,42,,156,,45,,291,,263,,213,,152,,47,,42,,112,,71,,42,,43,,42,,43,,234,,42,,44,,,,43,,120,,46,,77,,47,,60,,74,,42,,43,,519,,478,,148,,43,,63,,454,,186,,52,,196,,50
74,,42,,129,,49,,48,,42,,42,,44,,65,,100,,151,,56,,42,,327,,57,,66,,163,,47,,49,,69,,48,,122,,97,,277,,72,,42,,311,,346,,84,,101,,48,,265,,70,,69,,48,,164,,42,,58,,96,,43,,470,,84,,46,,58,,43,,126,,42,,151,,48,,224,,199,,199,,143,,48,,43,,113,,43,,44,,48,,42,,68,,199,,42,,42,,,,48,,141,,48,,120,,49,,90,,83,,47,,42,,413,,383,,63,,50,,77,,375,,265,,51,,136,,191
76,,42,,120,,55,,52,,57,,48,,42,,43,,83,,133,,115,,42,,358,,66,,68,,322,,55,,48,,64,,48,,88,,82,,282,,70,,46,,280,,310,,81,,325,,44,,326,,78,,67,,48,,278,,45,,71,,93,,42,,471,,157,,48,,51,,48,,119,,46,,181,,75,,268,,255,,174,,125,,51,,42,,93,,65,,43,,51,,42,,86,,253,,42,,42,,,,57,,110,,45,,172,,64,,190,,45,,43,,42,,402,,373,,42,,65,,171,,385,,387,,51,,46,,316
74,,43,,98,,48,,53,,44,,43,,42,,61,,44,,52,,179,,43,,293,,63,,65,,526,,57,,57,,58,,58,,48,,74,,234,,43,,48,,255,,247,,133,,335,,48,,287,,65,,88,,53,,303,,45,,58,,84,,42,,358,,268,,49,,48,,63,,53,,48,,174,,132,,202,,202,,64,,127,,54,,54,,99,,48,,44,,56,,43,,106,,207,,44,,42,,,,70,,99,,46,,189,,57,,354,,68,,45,,43,,412,,313,,43,,78,,287,,375,,305,,45,,62,,435
45,,42,,52,,48,,48,,51,,48,,42,,48,,92,,120,,170,,43,,82,,59,,68,,744,,48,,57,,67,,51,,95,,42,,76,,57,,44,,70,,306,,107,,287,,48,,223,,63,,86,,53,,268,,43,,42,,48,,42,,101,,422,,43,,48,,48,,97,,57,,57,,188,,66,,67,,181,,48,,44,,43,,106,,74,,42,,64,,42,,106,,57,,46,,42,,,,84,,112,,42,,158,,59,,506,,48,,43,,42,,97,,80,,42,,70,,420,,92,,365,,43,,211,,472
72,,42,,122,,48,,48,,45,,43,,43,,56,,58,,61,,160,,54,,273,,63,,69,,812,,55,,49,,68,,45,,59,,74,,184,,43,,44,,233,,285,,120,,263,,46,,279,,64,,74,,48,,211,,44,,65,,80,,43,,327,,462,,48,,48,,42,,84,,57,,135,,192,,206,,159,,104,,115,,48,,48,,48,,48,,45,,59,,42,,113,,149,,42,,44,,,,86,,99,,46,,110,,66,,592,,86,,44,,42,,365,,287,,,,77,,419,,357,,278,,42,,84,,473
53,,81,,68,,45,,51,,42,,47,,42,,46,,81,,169,,156,,62,,137,,64,,67,,721,,58,,56,,65,,48,,81,,60,,112,,65,,47,,112,,239,,107,,256,,43,,274,,68,,66,,56,,223,,44,,48,,60,,42,,171,,470,,70,,50,,48,,98,,49,,60,,171,,113,,90,,189,,66,,48,,44,,113,,56,,46,,53,,58,,88,,77,,45,,42,,,,79,,110,,43,,141,,66,,517,,57,,45,,43,,176,,159,,,,75,,370,,164,,192,,42,,43,,391
72,,221,,164,,54,,48,,43,,44,,44,,44,,57,,104,,114,,57,,300,,70,,63,,570,,57,,61,,57,,48,,57,,69,,283,,49,,43,,356,,226,,90,,69,,44,,232,,62,,76,,48,,212,,43,,63,,94,,42,,455,,341,,201,,48,,48,,69,,48,,167,,119,,220,,194,,97,,135,,43,,42,,57,,46,,44,,57,,103,,83,,177,,45,,42,,,,67,,82,,45,,146,,64,,385,,57,,44,,44,,358,,358,,,,92,,321,,320,,199,,42,,42,,470
60,,222,,128,,42,,44,,42,,44,,42,,43,,49,,107,,158,,57,,171,,62,,63,,759,,57,,56,,61,,48,,60,,50,,158,,57,,44,,187,,252,,102,,182,,45,,207,,59,,92,,48,,208,,42,,52,,66,,42,,247,,383,,110,,57,,42,,100,,54,,100,,149,,144,,104,,132,,72,,42,,42,,94,,44,,42,,56,,103,,91,,101,,43,,42,,,,72,,65,,43,,128,,74,,478,,48,,44,,42,,180,,214,,,,101,,389,,164,,247,,42,,42,,452
68,,170,,177,,42,,48,,42,,44,,44,,43,,48,,84,,142,,53,,245,,59,,57,,765,,62,,47,,46,,47,,56,,52,,200,,57,,47,,270,,133,,97,,120,,46,,232,,63,,74,,49,,218,,43,,57,,90,,42,,387,,392,,199,,48,,43,,67,,57,,112,,140,,185,,120,,97,,128,,46,,44,,61,,42,,42,,57,,90,,79,,99,,45,,,,,,77,,57,,43,,116,,66,,491,,44,,44,,81,,283,,320,,,,103,,383,,249,,237,,42,,,,387
57,,210,,154,,43,,52,,43,,42,,42,,42,,48,,72,,136,,43,,201,,62,,43,,678,,52,,48,,42,,48,,49,,48,,168,,48,,43,,233,,98,,77,,269,,44,,126,,75,,78,,48,,244,,42,,53,,81,,42,,283,,322,,185,,46,,42,,57,,50,,96,,128,,116,,101,,75,,96,,47,,43,,74,,42,,43,,62,,96,,85,,85,,45,,,,,,73,,57,,42,,110,,66,,438,,43,,43,,174,,198,,144,,,,94,,364,,136,,313,,43,,,,390
53,,177,,128,,42,,48,,65,,42,,43,,42,,43,,66,,128,,49,,143,,59,,48,,597,,50,,48,,43,,47,,47,,48,,106,,48,,46,,150,,65,,90,,129,,42,,94,,82,,74,,56,,268,,43,,44,,60,,42,,203,,287,,170,,46,,42,,46,,48,,88,,107,,81,,90,,57,,74,,47,,57,,59,,45,,42,,57,,84,,96,,72,,52,,,,,,66,,55,,42,,110,,62,,422,,43,,43,,155,,145,,47,,,,101,,332,,70,,198,,44,,,,397
48,,57,,101,,43,,57,,66,,42,,42,,42,,45,,70,,154,,46,,111,,59,,44,,604,,57,,48,,68,,45,,43,,48,,92,,48,,45,,136,,48,,90,,254,,42,,61,,83,,77,,57,,268,,119,,48,,57,,131,,177,,331,,113,,43,,42,,46,,52,,73,,127,,71,,66,,51,,64,,44,,54,,48,,59,,42,,63,,47,,74,,49,,48,,,,,,70,,44,,42,,128,,75,,491,,42,,42,,139,,133,,44,,,,92,,343,,64,,202,,42,,,,289
48,,156,,96,,42,,76,,70,,43,,42,,42,,42,,56,,152,,55,,109,,48,,42,,614,,57,,57,,64,,57,,43,,50,,95,,42,,45,,119,,44,,207,,239,,43,,48,,76,,75,,57,,242,,309,,48,,57,,332,,171,,358,,127,,42,,43,,43,,50,,65,,134,,70,,68,,48,,57,,42,,63,,42,,71,,44,,57,,84,,66,,55,,48,,,,,,64,,45,,45,,101,,83,,483,,71,,42,,163,,120,,44,,,,83,,325,,60,,186,,,,,,269
45,,92,,71,,43,,83,,45,,50,,42,,71,,42,,51,,161,,55,,90,,48,,42,,680,,57,,50,,70,,62,,42,,42,,71,,42,,44,,80,,42,,278,,163,,44,,43,,61,,72,,48,,194,,299,,43,,50,,320,,127,,384,,72,,42,,48,,43,,49,,53,,158,,57,,57,,46,,48,,42,,43,,42,,77,,48,,63,,57,,65,,47,,46,,,,,,70,,44,,107,,81,,88,,528,,101,,43,,147,,89,,44,,,,84,,367,,57,,136,,,,,,210
43,,174,,68,,45,,86,,57,,63,,42,,81,,42,,48,,149,,61,,68,,46,,42,,557,,56,,50,,92,,55,,42,,43,,59,,43,,42,,59,,225,,217,,136,,45,,252,,57,,81,,44,,130,,252,,43,,46,,257,,84,,367,,65,,42,,80,,43,,48,,48,,112,,49,,56,,42,,48,,43,,43,,43,,49,,48,,55,,86,,48,,43,,42,,,,,,70,,44,,263,,66,,94,,433,,86,,42,,57,,69,,42,,,,73,,349,,49,,99,,,,,,149
42,,101,,56,,45,,74,,45,,64,,45,,73,,43,,48,,128,,54,,57,,42,,48,,343,,48,,48,,81,,53,,43,,42,,44,,42,,42,,44,,204,,145,,120,,61,,224,,57,,80,,49,,101,,234,,43,,45,,248,,84,,251,,57,,56,,43,,74,,44,,48,,101,,47,,48,,43,,45,,42,,81,,48,,74,,48,,52,,70,,48,,42,,42,,,,,,57,,43,,226,,57,,80,,327,,57,,42,,145,,61,,43,,,,72,,263,,48,,65,,,,,,96
42,,113,,57,,57,,62,,65,,46,,71,,48,,47,,48,,97,,48,,63,,43,,53,,279,,49,,48,,84,,48,,119,,42,,57,,48,,42,,55,,279,,113,,88,,78,,263,,48,,80,,45,,96,,240,,43,,42,,234,,80,,193,,57,,61,,48,,112,,44,,46,,74,,48,,48,,42,,42,,43,,75,,84,,55,,48,,48,,76,,43,,42,,43,,,,,,58,,56,,211,,57,,75,,222,,73,,42,,83,,56,,42,,,,60,,206,,46,,50,,,,,,98
42,,84,,63,,48,,65,,68,,48,,63,,63,,101,,57,,80,,48,,61,,43,,59,,199,,48,,45,,88,,48,,132,,42,,83,,65,,42,,65,,307,,84,,74,,67,,309,,48,,77,,44,,77,,67,,65,,43,,76,,70,,164,,64,,57,,42,,112,,45,,48,,61,,48,,53,,58,,44,,42,,42,,113,,71,,48,,45,,68,,43,,47,,42,,,,,,56,,140,,252,,48,,66,,164,,68,,42,,164,,48,,42,,,,64,,163,,88,,48,,,,,,74
46,,58,,88,,48,,61,,45,,47,,64,,49,,96,,127,,81,,52,,94,,43,,57,,162,,45,,45,,91,,48,,133,,48,,255,,84,,43,,188,,301,,80,,62,,65,,308,,43,,81,,42,,57,,207,,78,,45,,233,,108,,145,,92,,43,,73,,61,,43,,61,,55,,66,,73,,142,,47,,43,,44,,120,,81,,42,,42,,53,,43,,63,,46,,,,,,57,,128,,210,,46,,63,,137,,92,,69,,91,,72,,44,,,,52,,158,,278,,43,,,,,,53
69,,48,,117,,49,,48,,56,,48,,64,,70,,117,,187,,63,,43,,230,,42,,45,,119,,44,,42,,59,,45,,70,,101,,287,,78,,44,,235,,256,,65,,64,,57,,265,,44,,64,,44,,49,,127,,68,,68,,113,,304,,111,,132,,52,,74,,98,,42,,120,,48,,190,,207,,173,,86,,44,,48,,43,,48,,45,,42,,45,,42,,227,,51,,,,,,48,,97,,65,,43,,57,,101,,93,,143,,113,,325,,236,,,,54,,96,,391,,42,,,,,,47
96,,48,,92,,56,,48,,44,,48,,56,,70,,63,,211,,57,,43,,331,,48,,43,,78,,42,,42,,70,,43,,92,,88,,293,,55,,43,,319,,280,,58,,59,,70,,288,,47,,57,,48,,48,,287,,50,,94,,296,,454,,84,,99,,43,,57,,70,,42,,43,,48,,257,,287,,188,,142,,84,,44,,42,,60,,42,,44,,48,,47,,246,,48,,,,,,46,,48,,139,,42,,48,,72,,48,,160,,90,,474,,391,,,,43,,76,,118,,42,,,,,,42
94,,42,,86,,48,,44,,48,,42,,47,,48,,84,,106,,57,,46,,369,,57,,42,,76,,43,,43,,74,,44,,51,,94,,120,,66,,43,,141,,267,,57,,68,,48,,285,,54,,57,,47,,53,,164,,57,,88,,145,,460,,70,,48,,57,,62,,128,,42,,93,,44,,278,,232,,78,,133,,185,,42,,43,,48,,48,,57,,43,,70,,225,,48,,,,,,44,,95,,84,,42,,48,,57,,68,,139,,70,,434,,89,,,,42,,68,,90,,42,,,,,,42
63,,44,,57,,43,,42,,42,,53,,57,,63,,64,,158,,48,,45,,127,,57,,48,,63,,42,,43,,57,,42,,105,,57,,228,,56,,48,,232,,226,,50,,132,,101,,215,,66,,53,,70,,57,,271,,48,,57,,241,,179,,61,,42,,60,,66,,142,,42,,69,,42,,115,,96,,193,,75,,170,,42,,,,72,,44,,57,,43,,96,,91,,45,,,,,,45,,46,,143,,57,,44,,57,,57,,145,,57,,184,,119,,,,44,,62,,452,,55,,,,,,43
81,,42,,88,,42,,44,,43,,43,,51,,46,,86,,97,,48,,46,,242,,56,,67,,92,,43,,48,,43,,42,,120,,78,,133,,70,,51,,159,,223,,60,,81,,48,,209,,66,,51,,120,,130,,223,,74,,79,,209,,363,,67,,48,,43,,62,,66,,42,,138,,44,,215,,193,,108,,124,,139,,42,,,,43,,48,,72,,43,,159,,185,,48,,,,,,42,,92,,96,,90,,44,,66,,88,,133,,57,,256,,377,,,,49,,62,,455,,273,,,,,,57
60,,44,,69,,43,,48,,43,,48,,48,,51,,112,,133,,58,,48,,142,,70,,55,,184,,47,,57,,45,,49,,53,,62,,274,,75,,56,,308,,242,,83,,192,,101,,247,,48,,57,,127,,193,,170,,70,,60,,163,,235,,92,,46,,63,,50,,97,,48,,84,,57,,107,,101,,191,,75,,162,,,,,,57,,42,,126,,42,,327,,93,,46,,,,,,48,,68,,96,,128,,56,,86,,48,,54,,48,,199,,374,,,,76,,87,,132,,309,,,,,,278
79,,74,,124,,42,,66,,42,,42,,46,,42,,48,,155,,113,,48,,338,,63,,67,,570,,57,,58,,42,,48,,115,,89,,248,,48,,57,,316,,135,,107,,128,,91,,141,,43,,66,,92,,179,,127,,48,,88,,123,,448,,222,,48,,50,,48,,69,,59,,184,,120,,249,,242,,212,,130,,144,,,,,,43,,42,,116,,43,,378,,244,,43,,,,,,68,,43,,76,,121,,76,,342,,65,,112,,43,,473,,104,,,,94,,234,,314,,306,,,,,,319
90,,194,,119,,42,,72,,44,,44,,44,,45,,78,,63,,252,,57,,381,,65,,43,,666,,49,,132,,42,,54,,49,,81,,83,,57,,49,,101,,98,,109,,85,,77,,92,,43,,72,,76,,60,,107,,60,,88,,131,,438,,331,,56,,57,,43,,107,,56,,191,,177,,274,,237,,72,,125,,65,,,,,,42,,42,,107,,48,,273,,257,,48,,,,,,75,,42,,71,,57,,86,,531,,45,,83,,45,,491,,271,,,,78,,335,,146,,383,,,,,,398
48,,247,,62,,42,,62,,,,42,,46,,43,,66,,129,,163,,44,,113,,60,,52,,661,,56,,400,,42,,48,,99,,48,,187,,43,,48,,236,,66,,98,,338,,61,,69,,42,,108,,85,,46,,86,,46,,52,,96,,118,,313,,43,,48,,42,,66,,56,,70,,168,,92,,75,,186,,64,,154,,,,,,43,,42,,83,,85,,278,,70,,51,,,,,,94,,43,,48,,56,,74,,517,,42,,127,,47,,145,,127,,,,63,,274,,338,,384,,,,,,470
63,,227,,111,,42,,56,,,,42,,45,,43,,86,,74,,188,,57,,255,,57,,42,,818,,57,,404,,43,,52,,48,,72,,106,,71,,48,,96,,51,,115,,92,,52,,57,,48,,84,,60,,44,,66,,64,,83,,77,,322,,80,,48,,57,,43,,92,,57,,133,,216,,193,,146,,84,,113,,84,,,,,,42,,42,,84,,107,,261,,135,,48,,,,,,81,,42,,55,,46,,75,,623,,43,,83,,65,,331,,388,,,,74,,80,,80,,271,,,,,,479
57,,87,,62,,42,,62,,,,42,,43,,43,,48,,195,,219,,48,,136,,57,,42,,822,,49,,338,,42,,53,,65,,49,,300,,48,,46,,395,,46,,112,,242,,50,,48,,60,,66,,75,,48,,57,,46,,50,,65,,154,,74,,44,,42,,42,,48,,57,,68,,226,,99,,84,,216,,66,,183,,,,,,42,,42,,61,,101,,122,,74,,48,,,,,,77,,42,,45,,48,,74,,615,,42,,107,,122,,158,,107,,,,65,,79,,216,,200,,,,,,414
84,,168,,180,,42,,57,,,,42,,44,,42,,57,,70,,148,,57,,282,,70,,43,,685,,48,,303,,43,,50,,46,,72,,95,,57,,48,,113,,43,,101,,117,,48,,48,,46,,64,,78,,72,,57,,61,,92,,59,,470,,56,,159,,45,,,,48,,60,,174,,176,,252,,224,,58,,129,,101,,,,,,45,,45,,92,,56,,237,,211,,44,,,,,,72,,42,,44,,68,,76,,469,,42,,94,,171,,371,,299,,,,75,,54,,104,,236,,,,,,428
48,,88,,72,,43,,48,,,,42,,42,,42,,46,,120,,146,,53,,98,,57,,44,,724,,55,,266,,42,,56,,46,,44,,211,,44,,62,,270,,42,,92,,128,,44,,47,,66,,107,,92,,209,,59,,48,,48,,57,,133,,81,,71,,48,,,,48,,58,,61,,207,,73,,71,,125,,61,,141,,,,,,,,46,,77,,81,,154,,57,,43,,,,,,77,,42,,43,,142,,75,,570,,43,,74,,172,,89,,107,,,,79,,53,,92,,285,,,,,,420
63,,206,,186,,46,,57,,,,42,,42,,43,,42,,50,,174,,46,,247,,57,,44,,760,,57,,95,,43,,57,,48,,65,,74,,43,,57,,99,,42,,92,,130,,42,,46,,44,,66,,70,,89,,74,,48,,80,,87,,350,,163,,229,,46,,,,43,,57,,127,,216,,164,,128,,56,,105,,106,,,,,,,,86,,92,,65,,279,,107,,42,,,,,,83,,42,,42,,70,,78,,555,,43,,66,,84,,242,,117,,,,80,,105,,115,,228,,,,,,404
44,,216,,84,,47,,57,,,,42,,42,,,,46,,57,,144,,52,,86,,61,,42,,630,,57,,216,,82,,48,,43,,45,,77,,48,,65,,118,,42,,76,,118,,44,,44,,63,,78,,88,,189,,168,,48,,47,,208,,127,,300,,99,,42,,,,42,,57,,59,,153,,57,,65,,57,,60,,74,,,,,,,,175,,71,,90,,173,,58,,42,,,,,,73,,43,,44,,129,,64,,445,,,,54,,128,,119,,137,,,,71,,311,,100,,361,,,,,,397
48,,73,,107,,48,,59,,,,,,42,,,,43,,62,,156,,46,,106,,55,,42,,590,,61,,145,,74,,49,,42,,44,,96,,48,,63,,130,,234,,81,,90,,48,,43,,45,,91,,76,,55,,272,,46,,57,,274,,139,,121,,104,,42,,,,43,,56,,66,,190,,66,,68,,57,,59,,64,,,,,,,,136,,84,,99,,213,,61,,42,,,,,,74,,86,,59,,50,,70,,487,,,,51,,84,,104,,133,,,,88,,128,,72,,194,,,,,,429
52,,145,,110,,50,,84,,,,,,57,,,,43,,57,,225,,57,,113,,48,,57,,746,,57,,315,,75,,48,,42,,48,,88,,44,,53,,118,,211,,93,,74,,80,,42,,48,,85,,65,,150,,250,,42,,57,,293,,174,,283,,112,,43,,,,46,,56,,67,,211,,69,,74,,57,,57,,65,,,,,,,,217,,64,,48,,170,,57,,42,,,,,,77,,94,,242,,74,,69,,557,,,,48,,156,,143,,109,,,,69,,303,,57,,176,,,,,,290
45,,80,,95,,51,,80,,,,,,62,,,,48,,42,,179,,43,,112,,43,,42,,648,,57,,155,,54,,65,,,,48,,66,,42,,50,,92,,254,,182,,58,,174,,43,,50,,96,,53,,48,,107,,42,,48,,119,,163,,62,,124,,42,,,,,,52,,68,,202,,68,,76,,48,,48,,48,,,,,,,,221,,61,,80,,113,,57,,43,,,,,,63,,48,,241,,45,,82,,511,,,,42,,184,,127,,80,,,,74,,129,,48,,160,,,,,,259
46,,177,,74,,52,,90,,,,,,66,,,,,,44,,159,,57,,81,,48,,65,,597,,51,,270,,64,,64,,,,46,,50,,42,,49,,74,,113,,221,,58,,146,,287,,43,,88,,48,,42,,206,,42,,52,,177,,120,,204,,72,,,,,,,,56,,47,,150,,57,,57,,45,,44,,43,,,,,,,,117,,57,,53,,101,,48,,48,,,,,,73,,105,,263,,42,,95,,486,,,,43,,64,,79,,68,,,,62,,271,,48,,98,,,,,,176
43,,66,,57,,52,,80,,,,,,48,,,,,,43,,143,,43,,65,,42,,48,,499,,48,,255,,55,,70,,,,42,,44,,42,,46,,55,,211,,178,,57,,48,,245,,46,,84,,48,,42,,141,,42,,48,,137,,92,,66,,64,,,,,,,,48,,48,,160,,48,,49,,43,,46,,47,,,,,,,,159,,53,,84,,99,,42,,48,,,,,,65,,78,,104,,44,,99,,432,,,,60,,125,,64,,65,,,,50,,157,,48,,57,,,,,,103
42,,112,,57,,53,,80,,,,,,57,,,,,,48,,251,,48,,60,,42,,70,,344,,45,,164,,43,,70,,,,44,,46,,42,,46,,53,,232,,136,,75,,232,,243,,43,,210,,45,,43,,287,,44,,42,,280,,72,,48,,57,,,,,,,,48,,48,,118,,46,,48,,42,,42,,42,,,,,,,,121,,45,,48,,82,,42,,46,,,,,,64,,42,,164,,44,,90,,326,,,,101,,70,,53,,66,,,,43,,111,,70,,43,,,,,,42
42,,57,,55,,48,,72,,,,,,48,,,,,,52,,319,,48,,56,,42,,43,,234,,44,,143,,42,,72,,,,42,,48,,48,,42,,54,,263,,101,,,,137,,109,,44,,263,,44,,42,,301,,,,42,,309,,68,,42,,57,,,,,,,,48,,47,,88,,43,,44,,42,,46,,45,,,,,,,,171,,44,,77,,61,,43,,42,,,,,,57,,43,,106,,42,,66,,232,,,,136,,151,,48,,98,,,,42,,77,,,,44,,,,,,45
48,,58,,65,,48,,57,,,,,,57,,,,,,,,220,,48,,57,,43,,64,,186,,43,,120,,43,,63,,,,43,,70,,,,43,,67,,263,,85,,,,254,,189,,43,,216,,42,,44,,104,,,,43,,96,,72,,42,,64,,,,,,,,46,,48,,81,,45,,48,,62,,48,,70,,,,,,,,73,,43,,46,,61,,43,,48,,,,,,57,,42,,249,,42,,67,,134,,,,146,,61,,57,,,,,,42,,63,,,,96,,,,,,42
,,55,,78,,46,,57,,,,,,61,,,,,,,,190,,47,,101,,61,,42,,175,,42,,88,,42,,57,,,,53,,,,,,48,,,,242,,92,,,,283,,227,,42,,206,,43,,78,,224,,,,50,,205,,107,,42,,99,,,,,,,,43,,66,,65,,65,,89,,,,50,,114,,,,,,,,107,,42,,49,,57,,81,,47,,,,,,50,,43,,234,,44,,64,,133,,,,86,,119,,69,,,,,,42,,57,,,,250,,,,,,47
,,48,,,,42,,48,,,,,,43,,,,,,,,126,,43,,,,58,,,,112,,43,,65,,42,,52,,,,,,,,,,48,,,,214,,66,,,,99,,273,,43,,135,,43,,69,,86,,,,,,101,,,,42,,,,,,,,,,43,,,,49,,,,,,,,,,158,,,,,,,,51,,43,,45,,57,,,,43,,,,,,48,,43,,74,,43,,57,,96,,,,181,,60,,,,,,,,42,,57,,,,363,,,,,,242
,,43,,,,42,,48,,,,,,54,,,,,,,,107,,43,,,,57,,,,107,,42,,45,,42,,48,,,,,,,,,,52,,,,269,,57,,,,216,,287,,42,,114,,57,,42,,283,,,,,,278,,,,42,,,,,,,,,,47,,,,48,,,,,,,,,,177,,,,,,,,55,,43,,45,,80,,,,45,,,,,,48,,42,,147,,48,,57,,80,,,,110,,63,,,,,,,,43,,52,,,,105,,,,,,405
,,42,,,,43,,45,,,,,,48,,,,,,,,83,,42,,,,45,,,,72,,42,,54,,42,,48,,,,,,,,,,44,,,,132,,44,,,,74,,225,,43,,86,,55,,81,,90,,,,,,84,,,,46,,,,,,,,,,65,,,,44,,,,,,,,,,90,,,,,,,,49,,75,,44,,194,,,,44,,,,,,48,,42,,80,,43,,47,,62,,,,226,,57,,,,,,,,59,,48,,,,72,,,,,,108
,,42,,,,43,,44,,,,,,48,,,,,,,,69,,42,,,,59,,,,66,,43,,66,,,,48,,,,,,,,,,45,,,,84,,57,,,,78,,217,,43,,81,,72,,153,,263,,,,,,221,,,,70,,,,,,,,,,70,,,,43,,,,,,,,,,126,,,,,,,,45,,103,,42,,287,,,,57,,,,,,47,,42,,172,,48,,43,,61,,,,205,,56,,,,,,,,70,,48,,,,114,,,,,,111
,,81,,,,44,,44,,,,,,42,,,,,,,,70,,44,,,,66,,,,96,,42,,155,,,,43,,,,,,,,,,57,,,,63,,84,,,,48,,263,,58,,94,,55,,67,,101,,,,,,101,,,,234,,,,,,,,,,57,,,,46,,,,,,,,,,84,,,,,,,,42,,99,,42,,314,,,,49,,,,,,44,,42,,65,,42,,45,,59,,,,80,,48,,,,,,,,46,,48,,,,237,,,,,,170
,,,,,,42,,46,,,,,,47,,,,,,,,126,,,,,,65,,,,188,,44,,104,,,,53,,,,,,,,,,48,,,,42,,107,,,,74,,141,,42,,182,,54,,78,,122,,,,,,128,,,,101,,,,,,,,,,43,,,,70,,,,,,,,,,165,,,,,,,,42,,57,,48,,120,,,,45,,,,,,48,,,,103,,48,,57,,94,,,,143,,45,,,,,,,,72,,55,,,,207,,,,,,428
,,,,,,,,57,,,,,,42,,,,,,,,365,,,,,,65,,,,627,,48,,227,,,,57,,,,,,,,,,63,,,,42,,164,,,,44,,83,,42,,614,,112,,206,,121,,,,,,144,,,,125,,,,,,,,,,48,,,,152,,,,,,,,,,172,,,,,,,,42,,94,,,,258,,,,42,,,,,,73,,,,51,,96,,71,,320,,,,86,,46,,,,,,,,74,,42,,,,362,,,,,,413
,,,,,,,,65,,,,,,42,,,,,,,,428,,,,,,59,,,,820,,50,,148,,,,61,,,,,,,,,,45,,,,43,,114,,,,48,,64,,63,,342,,67,,113,,115,,,,,,128,,,,312,,,,,,,,,,54,,,,198,,,,,,,,,,70,,,,,,,,64,,78,,,,169,,,,42,,,,,,75,,,,57,,48,,72,,557,,,,207,,43,,,,,,,,77,,48,,,,244,,,,,,447
,,,,,,,,48,,,,,,43,,,,,,,,152,,,,,,57,,,,742,,43,,99,,,,50,,,,,,,,,,48,,,,43,,63,,,,46,,46,,48,,90,,85,,141,,81,,,,,,105,,,,136,,,,,,,,,,60,,,,198,,,,,,,,,,127,,,,,,,,,,88,,,,252,,,,42,,,,,,83,,,,48,,54,,66,,533,,,,83,,47,,,,,,,,72,,67,,,,157,,,,,,329
,,,,,,,,48,,,,,,42,,,,,,,,76,,,,,,72,,,,261,,52,,402,,,,43,,,,,,,,,,53,,,,42,,74,,,,48,,48,,65,,57,,52,,60,,69,,,,,,79,,,,336,,,,,,,,,,61,,,,96,,,,,,,,,,77,,,,,,,,,,96,,,,302,,,,43,,,,,,48,,,,48,,107,,49,,202,,,,163,,72,,,,,,,,73,,43,,,,163,,,,,,231
,,,,,,,,57,,,,,,42,,,,,,,,136,,,,,,65,,,,565,,57,,127,,,,48,,,,,,,,,,49,,,,42,,77,,,,48,,46,,44,,61,,49,,191,,57,,,,,,63,,,,59,,,,,,,,,,57,,,,153,,,,,,,,,,155,,,,,,,,,,66,,,,142,,,,42,,,,,,66,,,,47,,63,,64,,506,,,,65,,,,,,,,,,92,,226,,,,72,,,,,,171
,,,,,,,,57,,,,,,42,,,,,,,,139,,,,,,57,,,,668,,52,,270,,,,72,,,,,,,,,,46,,,,43,,90,,,,44,,44,,72,,81,,57,,48,,55,,,,,,57,,,,263,,,,,,,,,,55,,,,164,,,,,,,,,,72,,,,,,,,,,90,,,,252,,,,43,,,,,,73,,,,43,,128,,80,,535,,,,74,,,,,,,,,,69,,60,,,,68,,,,,,82
,,,,,,,,57,,,,,,,,,,,,,,159,,,,,,55,,,,735,,56,,113,,,,64,,,,,,,,,,43,,,,,,81,,,,42,,43,,44,,99,,52,,42,,57,,,,,,57,,,,62,,,,,,,,,,49,,,,205,,,,,,,,,,136,,,,,,,,,,78,,,,145,,,,43,,,,,,81,,,,42,,49,,77,,640,,,,88,,,,,,,,,,78,,57,,,,72,,,,,,72
,,,,,,,,57,,,,,,,,,,,,,,183,,,,,,43,,,,765,,56,,128,,,,75,,,,,,,,,,42,,,,,,75,,,,42,,42,,48,,83,,48,,44,,74,,,,,,96,,,,47,,,,,,,,,,53,,,,221,,,,,,,,,,66,,,,,,,,,,110,,,,293,,,,,,,,,,81,,,,43,,100,,94,,635,,,,68,,,,,,,,,,57,,329,,,,61,,,,,,76
,,,,,,,,61,,,,,,,,,,,,,,146,,,,,,44,,,,621,,51,,145,,,,48,,,,,,,,,,43,,,,,,75,,,,42,,47,,47,,75,,43,,42,,,,,,,,,,,,48,,,,,,,,,,53,,,,132,,,,,,,,,,71,,,,,,,,,,59,,,,105,,,,,,,,,,66,,,,44,,46,,74,,514,,,,58,,,,,,,,,,45,,120,,,,57,,,,,,75
,,,,,,,,64,,,,,,,,,,,,,,160,,,,,,46,,,,571,,52,,121,,,,60,,,,,,,,,,42,,,,,,101,,,,44,,,,44,,92,,43,,42,,,,,,,,,,,,59,,,,,,,,,,57,,,,167,,,,,,,,,,61,,,,,,,,,,77,,,,181,,,,,,,,,,69,,,,68,,42,,86,,511,,,,48,,,,,,,,,,48,,344,,,,44,,,,,,61
,,,,,,,,75,,,,,,,,,,,,,,192,,,,,,47,,,,806,,57,,95,,,,63,,,,,,,,,,46,,,,,,189,,,,,,,,46,,73,,42,,,,,,,,,,,,,,59,,,,,,,,,,42,,,,177,,,,,,,,,,57,,,,,,,,,,48,,,,77,,,,,,,,,,81,,,,,,42,,93,,605,,,,44,,,,,,,,,,48,,120,,,,,,,,,,43
,,,,,,,,84,,,,,,,,,,,,,,185,,,,,,43,,,,659,,57,,76,,,,62,,,,,,,,,,,,,,,,214,,,,,,,,42,,80,,45,,,,,,,,,,,,,,50,,,,,,,,,,44,,,,171,,,,,,,,,,48,,,,,,,,,,57,,,,84,,,,,,,,,,68,,,,,,42,,110,,606,,,,48,,,,,,,,,,48,,317,,,,,,,,,,
,,,,,,,,77,,,,,,,,,,,,,,152,,,,,,43,,,,597,,44,,53,,,,57,,,,,,,,,,,,,,,,160,,,,,,,,42,,74,,46,,,,,,,,,,,,,,44,,,,,,,,,,48,,,,144,,,,,,,,,,44,,,,,,,,,,49,,,,106,,,,,,,,,,70,,,,,,42,,113,,537,,,,48,,,,,,,,,,48,,153,,,,,,,,,,
,,,,,,,,87,,,,,,,,,,,,,,138,,,,,,42,,,,492,,44,,56,,,,46,,,,,,,,,,,,,,,,68,,,,,,,,42,,74,,,,,,,,,,,,,,,,48,,,,,,,,,,45,,,,156,,,,,,,,,,48,,,,,,,,,,48,,,,101,,,,,,,,,,69,,,,,,48,,108,,491,,,,84,,,,,,,,,,43,,71,,,,,,,,,,
,,,,,,,,48,,,,,,,,,,,,,,68,,,,,,42,,,,154,,48,,55,,,,47,,,,,,,,,,,,,,,,73,,,,,,,,,,55,,,,,,,,,,,,,,,,42,,,,,,,,,,42,,,,64,,,,,,,,,,44,,,,,,,,,,48,,,,78,,,,,,,,,,45,,,,,,,,65,,155,,,,,,,,,,,,,,43,,101,,,,,,,,,,
,,,,,,,,57,,,,,,,,,,,,,,78,,,,,,,,,,188,,46,,70,,,,44,,,,,,,,,,,,,,,,81,,,,,,,,,,74,,,,,,,,,,,,,,,,44,,,,,,,,,,43,,,,66,,,,,,,,,,46,,,,,,,,,,43,,,,63,,,,,,,,,,55,,,,,,,,72,,179,,,,,,,,,,,,,,43,,101,,,,,,,,,,
,,,,,,,,61,,,,,,,,,,,,,,72,,,,,,,,,,198,,47,,,,,,48,,,,,,,,,,,,,,,,79,,,,,,,,,,77,,,,,,,,,,,,,,,,48,,,,,,,,,,43,,,,72,,,,,,,,,,74,,,,,,,,,,42,,,,57,,,,,,,,,,52,,,,,,,,72,,171,,,,,,,,,,,,,,42,,101,,,,,,,,,,
,,,,,,,,64,,,,,,,,,,,,,,73,,,,,,,,,,200,,43,,,,,,57,,,,,,,,,,,,,,,,66,,,,,,,,,,107,,,,,,,,,,,,,,,,,,,,,,,,,,42,,,,65,,,,,,,,,,,,,,,,,,,,43,,,,56,,,,,,,,,,49,,,,,,,,70,,167,,,,,,,,,,,,,,56,,85,,,,,,,,,,
,,,,,,,,48,,,,,,,,,,,,,,69,,,,,,,,,,137,,45,,,,,,,,,,,,,,,,,,,,,,53,,,,,,,,,,148,,,,,,,,,,,,,,,,,,,,,,,,,,43,,,,49,,,,,,,,,,,,,,,,,,,,47,,,,57,,,,,,,,,,50,,,,,,,,62,,112,,,,,,,,,,,,,,,,74,,,,,,,,,,
,,,,,,,,48,,,,,,,,,,,,,,56,,,,,,,,,,92,,42,,,,,,,,,,,,,,,,,,,,,,43,,,,,,,,,,101,,,,,,,,,,,,,,,,,,,,,,,,,,,,,,54,,,,,,,,,,,,,,,,,,,,,,,,81,,,,,,,,,,45,,,,,,,,48,,91,,,,,,,,,,,,,,,,55,,,,,,,,,,
,,,,,,,,44,,,,,,,,,,,,,,51,,,,,,,,,,74,,42,,,,,,,,,,,,,,,,,,,,,,48,,,,,,,,,,87,,,,,,,,,,,,,,,,,,,,,,,,,,,,,,44,,,,,,,,,,,,,,,,,,,,,,,,,,,,,,,,,,48,,,,,,,,46,,65,,,,,,,,,,,,,,,,57,,,,,,,,,,
,,,,,,,,43,,,,,,,,,,,,,,48,,,,,,,,,,81,,,,,,,,,,,,,,,,,,,,,,,,48,,,,,,,,,,85,,,,,,,,,,,,,,,,,,,,,,,,,,,,,,43,,,,,,,,,,,,,,,,,,,,,,,,,,,,,,,,,,44,,,,,,,,48,,63,,,,,,,,,,,,,,,,63,,,,,,,,,,
,,,,,,,,48,,,,,,,,,,,,,,48,,,,,,,,,,88,,,,,,,,,,,,,,,,,,,,,,,,63,,,,,,,,,,92,,,,,,,,,,,,,,,,,,,,,,,,,,,,,,46,,,,,,,,,,,,,,,,,,,,,,,,,,,,,,,,,,44,,,,,,,,47,,64,,,,,,,,,,,,,,,,81,,,,,,,,,,
,,,,,,,,44,,,,,,,,,,,,,,57,,,,,,,,,,196,,,,,,,,,,,,,,,,,,,,,,,,,,,,,,,,,,174,,,,,,,,,,,,,,,,,,,,,,,,,,,,,,83,,,,,,,,,,,,,,,,,,,,,,,,,,,,,,,,,,48,,,,,,,,55,,112,,,,,,,,,,,,,,,,,,,,,,,,,,
